{
   "symbiote.detransform": {
     "sounds": [
        "suit/symbiote_detransform"
     ],
     "category": "player"
   },
   "symbiote.transform": {
     "sounds": [
        "suit/symbiote_transform"
     ],
     "category": "player"
   },
   "symbiote.step": {
      "sounds": [
         "suit/symbiote_step"
     ],
     "category": "player"
   },
   "venom.roar": {
      "sounds": [
         "suit/venom_roar"
     ],
     "category": "player"
   },
   "we.are.venom": {
      "sounds": [
         "suit/we_are_venom"
     ],
     "category": "player"
    }
}